Workbook

Sheet City-Category Data
A1: city | B1: category | C1: bookings_count | D1: revenue_inr | E1: sla_breaches | F1: min_price_inr | G1: max_price_inr
A2: Bengaluru | B2: AC Repair & Service | C2: 40 | D2: 61229 | E2: 7 | F2: =VLOOKUP(B2,'Category Reference'!$A$2:$C$7,2,FALSE) -> 499 | G2: =VLOOKUP(B2,'Category Reference'!$A$2:$C$7,3,FALSE) -> 2499
A3: Bengaluru | B3: Deep Home Cleaning | C3: 18 | D3: 49592 | E3: 2 | F3: =VLOOKUP(B3,'Category Reference'!$A$2:$C$7,2,FALSE) -> 999 | G3: =VLOOKUP(B3,'Category Reference'!$A$2:$C$7,3,FALSE) -> 4999
A4: Bengaluru | B4: Electrical Repair | C4: 19 | D4: 23082 | E4: 3 | F4: =VLOOKUP(B4,'Category Reference'!$A$2:$C$7,2,FALSE) -> 199 | G4: =VLOOKUP(B4,'Category Reference'!$A$2:$C$7,3,FALSE) -> 1999
A5: Bengaluru | B5: Salon for Men | C5: 14 | D5: 13565 | E5: 3 | F5: =VLOOKUP(B5,'Category Reference'!$A$2:$C$7,2,FALSE) -> 349 | G5: =VLOOKUP(B5,'Category Reference'!$A$2:$C$7,3,FALSE) -> 1499
A6: Bengaluru | B6: Salon for Women | C6: 16 | D6: 32367 | E6: 2 | F6: =VLOOKUP(B6,'Category Reference'!$A$2:$C$7,2,FALSE) -> 699 | G6: =VLOOKUP(B6,'Category Reference'!$A$2:$C$7,3,FALSE) -> 3499
A7: Chennai | B7: Deep Home Cleaning | C7: 37 | D7: 109499 | E7: 5 | F7: =VLOOKUP(B7,'Category Reference'!$A$2:$C$7,2,FALSE) -> 999 | G7: =VLOOKUP(B7,'Category Reference'!$A$2:$C$7,3,FALSE) -> 4999
A8: Chennai | B8: Electrical Repair | C8: 13 | D8: 13044 | E8: 1 | F8: =VLOOKUP(B8,'Category Reference'!$A$2:$C$7,2,FALSE) -> 199 | G8: =VLOOKUP(B8,'Category Reference'!$A$2:$C$7,3,FALSE) -> 1999
A9: Chennai | B9: Plumbing | C9: 63 | D9: 53029 | E9: 9 | F9: =VLOOKUP(B9,'Category Reference'!$A$2:$C$7,2,FALSE) -> 199 | G9: =VLOOKUP(B9,'Category Reference'!$A$2:$C$7,3,FALSE) -> 1499
A10: Delhi NCR | B10: AC Repair & Service | C10: 14 | D10: 22760 | E10: 0 | F10: =VLOOKUP(B10,'Category Reference'!$A$2:$C$7,2,FALSE) -> 499 | G10: =VLOOKUP(B10,'Category Reference'!$A$2:$C$7,3,FALSE) -> 2499
A11: Delhi NCR | B11: Deep Home Cleaning | C11: 25 | D11: 63041 | E11: 0 | F11: =VLOOKUP(B11,'Category Reference'!$A$2:$C$7,2,FALSE) -> 999 | G11: =VLOOKUP(B11,'Category Reference'!$A$2:$C$7,3,FALSE) -> 4999
A12: Delhi NCR | B12: Electrical Repair | C12: 12 | D12: 12585 | E12: 1 | F12: =VLOOKUP(B12,'Category Reference'!$A$2:$C$7,2,FALSE) -> 199 | G12: =VLOOKUP(B12,'Category Reference'!$A$2:$C$7,3,FALSE) -> 1999
A13: Delhi NCR | B13: Plumbing | C13: 19 | D13: 16065 | E13: 3 | F13: =VLOOKUP(B13,'Category Reference'!$A$2:$C$7,2,FALSE) -> 199 | G13: =VLOOKUP(B13,'Category Reference'!$A$2:$C$7,3,FALSE) -> 1499
... A28: Pune | B28: Salon for Women | C28: 24 | D28: 62672 | E28: 1 | F28: =VLOOKUP(B28,'Category Reference'!$A$2:$C$7,2,FALSE) -> 699 | G28: =VLOOKUP(B28,'Category Reference'!$A$2:$C$7,3,FALSE) -> 3499

Sheet Pivot Table 1
A1: SUM of revenue_inr | B1: category
A2: city | B2: AC Repair & Service | C2: Deep Home Cleaning | D2: Electrical Repair | E2: Plumbing | F2: Salon for Men | G2: Salon for Women | H2: Grand Total
A3: Bengaluru | B3: 61229 | C3: 49592 | D3: 23082 | F3: 13565 | G3: 32367 | H3: 179835
A4: Chennai | C4: 109499 | D4: 13044 | E4: 53029 | H4: 175572
A5: Delhi NCR | B5: 22760 | C5: 63041 | D5: 12585 | E5: 16065 | G5: 26320 | H5: 140771
A6: Hyderabad | C6: 91425 | D6: 29032 | E6: 11743 | F6: 22289 | G6: 17149 | H6: 171638
A7: Mumbai | B7: 29050 | C7: 73938 | D7: 11360 | F7: 23901 | G7: 13181 | H7: 151430
A8: Pune | C8: 121469 | D8: 30778 | F8: 13808 | G8: 62672 | H8: 228727
A9: Grand Total | B9: 113039 | C9: 508964 | D9: 119881 | E9: 80837 | F9: 73563 | G9: 151689 | H9: 1047973

Sheet Category Reference
A1: category | B1: min_price_inr | C1: max_price_inr
A2: AC Repair & Service | B2: 499 | C2: 2499
A3: Salon for Women | B3: 699 | C3: 3499
A4: Salon for Men | B4: 349 | C4: 1499
A5: Deep Home Cleaning | B5: 999 | C5: 4999
A6: Plumbing | B6: 199 | C6: 1499
A7: Electrical Repair | B7: 199 | C7: 1999

Sheet Analysis
A1: Metric | B1: Value
A2: Total Bookings | B2: =SUM('City-Category Data'!C2:C28) -> 600
A3: Total Revenue | B3: =SUM('City-Category Data'!D2:D28) -> 1047973
A4: Total SLA Breaches | B4: =SUM('City-Category Data'!E2:E28) -> 79
A5: SLA Breach Rate | B5: =B4/B2 -> 0.13166667
A6: City | B6: Total Revenue | C6: Total SLA Breaches | D6: Booking Count | E6: SLA Breach Rate
A7: Bengaluru | B7: =SUMIF('City-Category Data'!$A$2:$A$28,A7,'City-Category Data'!$D$2:$D$28) -> 179835 | C7: =SUMIF('City-Category Data'!$A$2:$A$28,A7,'City-Category Data'!$E$2:$E$28) -> 17 | D7: =SUMIF('City-Category Data'!$A$2:$A$28,A7,'City-Category Data'!$C$2:$C$28) -> 107 | E7: =C7/D7 -> 0.1588785
A8: Mumbai | B8: =SUMIF('City-Category Data'!$A$2:$A$28,A8,'City-Category Data'!$D$2:$D$28) -> 151430 | C8: =SUMIF('City-Category Data'!$A$2:$A$28,A8,'City-Category Data'!$E$2:$E$28) -> 13 | D8: =SUMIF('City-Category Data'!$A$2:$A$28,A8,'City-Category Data'!$C$2:$C$28) -> 92 | E8: =C8/D8 -> 0.14130435
A9: Delhi NCR | B9: =SUMIF('City-Category Data'!$A$2:$A$28,A9,'City-Category Data'!$D$2:$D$28) -> 140771 | C9: =SUMIF('City-Category Data'!$A$2:$A$28,A9,'City-Category Data'!$E$2:$E$28) -> 6 | D9: =SUMIF('City-Category Data'!$A$2:$A$28,A9,'City-Category Data'!$C$2:$C$28) -> 83 | E9: =C9/D9 -> 0.072289157
A10: Pune | B10: =SUMIF('City-Category Data'!$A$2:$A$28,A10,'City-Category Data'!$D$2:$D$28) -> 228727 | C10: =SUMIF('City-Category Data'!$A$2:$A$28,A10,'City-Category Data'!$E$2:$E$28) -> 14 | D10: =SUMIF('City-Category Data'!$A$2:$A$28,A10,'City-Category Data'!$C$2:$C$28) -> 107 | E10: =C10/D10 -> 0.13084112
A11: Hyderabad | B11: =SUMIF('City-Category Data'!$A$2:$A$28,A11,'City-Category Data'!$D$2:$D$28) -> 171638 | C11: =SUMIF('City-Category Data'!$A$2:$A$28,A11,'City-Category Data'!$E$2:$E$28) -> 14 | D11: =SUMIF('City-Category Data'!$A$2:$A$28,A11,'City-Category Data'!$C$2:$C$28) -> 98 | E11: =C11/D11 -> 0.14285714
A12: Chennai | B12: =SUMIF('City-Category Data'!$A$2:$A$28,A12,'City-Category Data'!$D$2:$D$28) -> 175572 | C12: =SUMIF('City-Category Data'!$A$2:$A$28,A12,'City-Category Data'!$E$2:$E$28) -> 15 | D12: =SUMIF('City-Category Data'!$A$2:$A$28,A12,'City-Category Data'!$C$2:$C$28) -> 113 | E12: =C12/D12 -> 0.13274336
A15: Category | B15: Total Revenue | C15: Total SLA Breaches | D15: Booking Count | E15: SLA Breach Rate
A16: AC Repair & Service | B16: =SUMIF('City-Category Data'!$B$2:$B$28,A16,'City-Category Data'!$D$2:$D$28) -> 113039 | C16: =SUMIF('City-Category Data'!$B$2:$B$28,A16,'City-Category Data'!$E$2:$E$28) -> 11 | D16: =SUMIF('City-Category Data'!$B$2:$B$28,A16,'City-Category Data'!$C$2:$C$28) -> 74 | E16: =C16/D16 -> 0.14864865
A17: Salon for Women | B17: =SUMIF('City-Category Data'!$B$2:$B$28,A17,'City-Category Data'!$D$2:$D$28) -> 151689 | C17: =SUMIF('City-Category Data'!$B$2:$B$28,A17,'City-Category Data'!$E$2:$E$28) -> 7 | D17: =SUMIF('City-Category Data'!$B$2:$B$28,A17,'City-Category Data'!$C$2:$C$28) -> 65 | E17: =C17/D17 -> 0.10769231
A18: Salon for Men | B18: =SUMIF('City-Category Data'!$B$2:$B$28,A18,'City-Category Data'!$D$2:$D$28) -> 73563 | C18: =SUMIF('City-Category Data'!$B$2:$B$28,A18,'City-Category Data'!$E$2:$E$28) -> 14 | D18: =SUMIF('City-Category Data'!$B$2:$B$28,A18,'City-Category Data'!$C$2:$C$28) -> 78 | E18: =C18/D18 -> 0.17948718
A19: Deep Home Cleaning | B19: =SUMIF('City-Category Data'!$B$2:$B$28,A19,'City-Category Data'!$D$2:$D$28) -> 508964 | C19: =SUMIF('City-Category Data'!$B$2:$B$28,A19,'City-Category Data'!$E$2:$E$28) -> 21 | D19: =SUMIF('City-Category Data'!$B$2:$B$28,A19,'City-Category Data'!$C$2:$C$28) -> 176 | E19: =C19/D19 -> 0.11931818
A20: Plumbing | B20: =SUMIF('City-Category Data'!$B$2:$B$28,A20,'City-Category Data'!$D$2:$D$28) -> 80837 | C20: =SUMIF('City-Category Data'!$B$2:$B$28,A20,'City-Category Data'!$E$2:$E$28) -> 13 | D20: =SUMIF('City-Category Data'!$B$2:$B$28,A20,'City-Category Data'!$C$2:$C$28) -> 95 | E20: =C20/D20 -> 0.13684211
A21: Electrical Repair | B21: =SUMIF('City-Category Data'!$B$2:$B$28,A21,'City-Category Data'!$D$2:$D$28) -> 119881 | C21: =SUMIF('City-Category Data'!$B$2:$B$28,A21,'City-Category Data'!$E$2:$E$28) -> 13 | D21: =SUMIF('City-Category Data'!$B$2:$B$28,A21,'City-Category Data'!$C$2:$C$28) -> 112 | E21: =C21/D21 -> 0.11607143

Sheet KPI Summary
A1: City | B1: Total Revenue | C1: Total SLA Breaches | D1: City-Category Combinations | E1: Matches Part A SQL total?
A2: Bengaluru | B2: =SUMIFS('City-Category Data'!$D$2:$D$28,'City-Category Data'!$A$2:$A$28,A2) -> 179835 | C2: =SUMIFS('City-Category Data'!$E$2:$E$28,'City-Category Data'!$A$2:$A$28,A2) -> 17 | D2: =COUNTIFS('City-Category Data'!$A$2:$A$28,A2) -> 5 | E2: YES
A3: Mumbai | B3: =SUMIFS('City-Category Data'!$D$2:$D$28,'City-Category Data'!$A$2:$A$28,A3) -> 151430 | C3: =SUMIFS('City-Category Data'!$E$2:$E$28,'City-Category Data'!$A$2:$A$28,A3) -> 13 | D3: =COUNTIFS('City-Category Data'!$A$2:$A$28,A3) -> 5 | E3: YES
A4: Delhi NCR | B4: =SUMIFS('City-Category Data'!$D$2:$D$28,'City-Category Data'!$A$2:$A$28,A4) -> 140771 | C4: =SUMIFS('City-Category Data'!$E$2:$E$28,'City-Category Data'!$A$2:$A$28,A4) -> 6 | D4: =COUNTIFS('City-Category Data'!$A$2:$A$28,A4) -> 5 | E4: YES
A5: Pune | B5: =SUMIFS('City-Category Data'!$D$2:$D$28,'City-Category Data'!$A$2:$A$28,A5) -> 228727 | C5: =SUMIFS('City-Category Data'!$E$2:$E$28,'City-Category Data'!$A$2:$A$28,A5) -> 14 | D5: =COUNTIFS('City-Category Data'!$A$2:$A$28,A5) -> 4 | E5: YES
A6: Hyderabad | B6: =SUMIFS('City-Category Data'!$D$2:$D$28,'City-Category Data'!$A$2:$A$28,A6) -> 171638 | C6: =SUMIFS('City-Category Data'!$E$2:$E$28,'City-Category Data'!$A$2:$A$28,A6) -> 14 | D6: =COUNTIFS('City-Category Data'!$A$2:$A$28,A6) -> 5 | E6: YES
A7: Chennai | B7: =SUMIFS('City-Category Data'!$D$2:$D$28,'City-Category Data'!$A$2:$A$28,A7) -> 175572 | C7: =SUMIFS('City-Category Data'!$E$2:$E$28,'City-Category Data'!$A$2:$A$28,A7) -> 15 | D7: =COUNTIFS('City-Category Data'!$A$2:$A$28,A7) -> 3 | E7: YES
A10: KPI DASHBOARD
A11: Total Bookings | B11: =Analysis!B2 -> 600
A12: Total Revenue | B12: =Analysis!B3 -> 1047973
A13: Total SLA Breaches | B13: =Analysis!B4 -> 79
A14: SLA Breach Rate | B14: =Analysis!B5 -> 0.13166667
A17: KEY INSIGHTS
A18: Highest Revenue City | B18: Pune
A19: Highest Booking City | B19: Chennai
A20: Lowest SLA Breach Rate | B20: Delhi NCR
A21: Highest Revenue Category | B21: Deep Home Cleaning
A22: Highest SLA Breach Rate Category | B22: Salon for Men
A25: RECOMMENDATIONS
A26: Focus on reducing SLA breaches in Salon for Men.
A27: Improve SLA performance in Bengaluru, which has the highest city breach rate.
A28: Maintain strong revenue performance in Pune and Deep Home Cleaning, the top-performing city and category by revenue.
